mcs,DCF-NumPy_thr,Unnamed: 0,thr_ns3
0.0,4.258569015818937,0,4.28199
1.0,6.199782069160989,1,6.24069
2.0,8.029957777048446,2,8.162769999999998
3.0,11.520221190931093,3,11.8458
4.0,14.41126746943444,4,15.0274
5.0,19.89694814182149,5,20.5187
6.0,24.19276255058168,6,25.1714
7.0,26.537608325639745,7,27.5905
